location,iso_code,date,total_vaccinations,people_vaccinated,people_fully_vaccinated,total_boosters,daily_vaccinations_raw,daily_vaccinations,total_vaccinations_per_hundred,people_vaccinated_per_hundred,people_fully_vaccinated_per_hundred,total_boosters_per_hundred,daily_vaccinations_per_million
Germany,DEU,2020-12-27,24342,24333,9,,,,0.03,0.03,0.0,,
Germany,DEU,2020-12-28,42445,42371,74,,18103,18103,0.05,0.05,0.0,,216
Germany,DEU,2020-12-29,93047,92320,727,,50602,34352,0.11,0.11,0.0,,409
Germany,DEU,2020-12-30,157038,156279,759,,63991,44232,0.19,0.19,0.0,,527
Germany,DEU,2020-12-31,207007,206161,846,,49969,45666,0.25,0.25,0.0,,544
Germany,DEU,2021-01-01,232465,231613,852,,25458,41625,0.28,0.28,0.0,,496
Germany,DEU,2021-01-02,280538,279609,929,,48073,42699,0.33,0.33,0.0,,509
Germany,DEU,2021-01-03,303094,302161,933,,22556,39822,0.36,0.36,0.0,,475
Germany,DEU,2021-01-04,349145,348161,984,,46051,43814,0.42,0.41,0.0,,522
Germany,DEU,2021-01-05,401804,400733,1071,,52659,44108,0.48,0.48,0.0,,526
Germany,DEU,2021-01-06,464944,463785,1159,,63140,43987,0.55,0.55,0.0,,524
Germany,DEU,2021-01-07,519719,518540,1180,,54775,44673,0.62,0.62,0.0,,532
Germany,DEU,2021-01-08,582520,581238,1283,,62801,50008,0.69,0.69,0.0,,596
Germany,DEU,2021-01-09,643211,641785,1427,,60691,51810,0.77,0.76,0.0,,618
Germany,DEU,2021-01-10,679157,677617,1541,,35946,53723,0.81,0.81,0.0,,640
Germany,DEU,2021-01-11,747390,745796,1595,,68233,56892,0.89,0.89,0.0,,678
Germany,DEU,2021-01-12,826315,824657,1659,,78925,60644,0.98,0.98,0.0,,723
Germany,DEU,2021-01-13,938298,936438,1861,,111983,67622,1.12,1.12,0.0,,806
Germany,DEU,2021-01-14,1022263,1020190,2074,,83965,71792,1.22,1.22,0.0,,856
Germany,DEU,2021-01-15,1113965,1110974,2992,,91702,75921,1.33,1.32,0.0,,905
Germany,DEU,2021-01-16,1172014,1167800,4215,,58049,75543,1.4,1.39,0.01,,900
Germany,DEU,2021-01-17,1219752,1198576,21178,,47738,77228,1.45,1.43,0.03,,920
Germany,DEU,2021-01-18,1302568,1265875,36695,,82816,79311,1.55,1.51,0.04,,945
Germany,DEU,2021-01-19,1421977,1349470,72509,,119409,85095,1.69,1.61,0.09,,1014
Germany,DEU,2021-01-20,1554386,1428445,125943,,132409,88013,1.85,1.7,0.15,,1049
Germany,DEU,2021-01-21,1659650,1493021,166630,1,105264,91055,1.98,1.78,0.2,0.0,1085
Germany,DEU,2021-01-22,1761787,1561743,200045,1,102137,92546,2.1,1.86,0.24,0.0,1103
Germany,DEU,2021-01-23,1848561,1602214,246348,1,86774,96650,2.2,1.91,0.29,0.0,1152
Germany,DEU,2021-01-24,1896235,1627894,268342,1,47674,96640,2.26,1.94,0.32,0.0,1152
Germany,DEU,2021-01-25,1986996,1680138,306859,1,90761,97775,2.37,2.0,0.37,0.0,1165
Germany,DEU,2021-01-26,2085060,1730773,354288,1,98064,94726,2.49,2.06,0.42,0.0,1129
Germany,DEU,2021-01-27,2194185,1781702,412485,1,109125,91400,2.62,2.12,0.49,0.0,1089
Germany,DEU,2021-01-28,2286508,1828507,458003,1,92323,89551,2.73,2.18,0.55,0.0,1067
Germany,DEU,2021-01-29,2393974,1878323,515653,1,107466,90312,2.85,2.24,0.61,0.0,1076
Germany,DEU,2021-01-30,2481810,1912918,568894,1,87836,90464,2.96,2.28,0.68,0.0,1078
Germany,DEU,2021-01-31,2538876,1938671,600207,1,57066,91806,3.03,2.31,0.72,0.0,1094
Germany,DEU,2021-02-01,2658814,1996919,661896,2,119938,95974,3.17,2.38,0.79,0.0,1144
Germany,DEU,2021-02-02,2791375,2062430,728946,2,132561,100902,3.33,2.46,0.87,0.0,1203
Germany,DEU,2021-02-03,2954056,2126987,827070,2,162681,108553,3.52,2.54,0.99,0.0,1294
Germany,DEU,2021-02-04,3088332,2189044,899288,3,134276,114546,3.68,2.61,1.07,0.0,1365
Germany,DEU,2021-02-05,3235608,2258397,977211,3,147276,120233,3.86,2.69,1.16,0.0,1433
Germany,DEU,2021-02-06,3329578,2303989,1025589,3,93970,121110,3.97,2.75,1.22,0.0,1443
Germany,DEU,2021-02-07,3383055,2332254,1050802,3,53477,120597,4.03,2.78,1.25,0.0,1437
Germany,DEU,2021-02-08,3492289,2385278,1107013,3,109234,119068,4.16,2.84,1.32,0.0,1419
Germany,DEU,2021-02-09,3626533,2445499,1181035,4,134244,119308,4.32,2.91,1.41,0.0,1422
Germany,DEU,2021-02-10,3781675,2523256,1258420,4,155142,118231,4.51,3.01,1.5,0.0,1409
Germany,DEU,2021-02-11,3925810,2598787,1327026,4,144135,119640,4.68,3.1,1.58,0.0,1426
Germany,DEU,2021-02-12,4081608,2679025,1402589,4,155798,120857,4.86,3.19,1.67,0.0,1440
Germany,DEU,2021-02-13,4189295,2741069,1448233,4,107687,122817,4.99,3.27,1.73,0.0,1464
Germany,DEU,2021-02-14,4254612,2780694,1473926,4,65317,124508,5.07,3.31,1.76,0.0,1484
Germany,DEU,2021-02-15,4380219,2850862,1529376,4,125607,126847,5.22,3.4,1.82,0.0,1512
Germany,DEU,2021-02-16,4514813,2929211,1585622,4,134594,126897,5.38,3.49,1.89,0.0,1512
Germany,DEU,2021-02-17,4666459,3024600,1641880,4,151646,126398,5.56,3.6,1.96,0.0,1507
Germany,DEU,2021-02-18,4811192,3116128,1695089,5,144733,126483,5.73,3.71,2.02,0.0,1508
Germany,DEU,2021-02-19,4970106,3219262,1750870,5,158914,126928,5.92,3.84,2.09,0.0,1513
Germany,DEU,2021-02-20,5082435,3295393,1787069,5,112329,127591,6.06,3.93,2.13,0.0,1521
Germany,DEU,2021-02-21,5168311,3353066,1815273,5,85876,130528,6.16,4.0,2.16,0.0,1556
Germany,DEU,2021-02-22,5324760,3451283,1873506,5,156449,134934,6.35,4.11,2.23,0.0,1608
Germany,DEU,2021-02-23,5495051,3561159,1933922,5,170291,140034,6.55,4.24,2.31,0.0,1669
Germany,DEU,2021-02-24,5671858,3678676,1993212,6,176807,143628,6.76,4.38,2.38,0.0,1712
Germany,DEU,2021-02-25,5861856,3809483,2052402,7,189998,150095,6.99,4.54,2.45,0.0,1789
Germany,DEU,2021-02-26,6075621,3955829,2119820,8,213765,157931,7.24,4.71,2.53,0.0,1882
Germany,DEU,2021-02-27,6223488,4063998,2159519,8,147867,163008,7.42,4.84,2.57,0.0,1943
Germany,DEU,2021-02-28,6326675,4143125,2183580,9,103187,165481,7.54,4.94,2.6,0.0,1972
Germany,DEU,2021-03-01,6525760,4292312,2233478,9,199085,171571,7.78,5.12,2.66,0.0,2045
Germany,DEU,2021-03-02,6745582,4460087,2285525,9,219822,178647,8.04,5.32,2.72,0.0,2129
Germany,DEU,2021-03-03,6993923,4637802,2356151,9,248341,188866,8.34,5.53,2.81,0.0,2251
Germany,DEU,2021-03-04,7239600,4820290,2419339,10,245677,196821,8.63,5.75,2.88,0.0,2346
Germany,DEU,2021-03-05,7515027,5028427,2486629,11,275427,205629,8.96,5.99,2.96,0.0,2451
Germany,DEU,2021-03-06,7717743,5182524,2535248,11,202716,213465,9.2,6.18,3.02,0.0,2544
Germany,DEU,2021-03-07,7865500,5296862,2568667,11,147757,219832,9.37,6.31,3.06,0.0,2620
Germany,DEU,2021-03-08,8103585,5483223,2620391,11,238085,225404,9.66,6.54,3.12,0.0,2687
Germany,DEU,2021-03-09,8356437,5681252,2675213,12,252852,230122,9.96,6.77,3.19,0.0,2743
Germany,DEU,2021-03-10,8646197,5903690,2742534,14,289760,236039,10.31,7.04,3.27,0.0,2813
Germany,DEU,2021-03-11,8931180,6127831,2803375,15,284983,241654,10.64,7.3,3.34,0.0,2880
Germany,DEU,2021-03-12,9258595,6384254,2874367,15,327415,249081,11.04,7.61,3.43,0.0,2969
Germany,DEU,2021-03-13,9499689,6575078,2924637,15,241094,254564,11.32,7.84,3.49,0.0,3034
Germany,DEU,2021-03-14,9670022,6709780,2960266,17,170333,257789,11.53,8.0,3.53,0.0,3073
Germany,DEU,2021-03-15,9918686,6899275,3019435,17,248664,259300,11.82,8.22,3.6,0.0,3091
Germany,DEU,2021-03-16,10098033,7010416,3087641,17,179347,248799,12.04,8.36,3.68,0.0,2965
Germany,DEU,2021-03-17,10303624,7135080,3168568,17,205591,236775,12.28,8.5,3.78,0.0,2822
Germany,DEU,2021-03-18,10497444,7253309,3244159,17,193820,223752,12.51,8.65,3.87,0.0,2667
Germany,DEU,2021-03-19,10743108,7414524,3328607,18,245664,212073,12.8,8.84,3.97,0.0,2528
Germany,DEU,2021-03-20,10963786,7581958,3381850,19,220678,209157,13.07,9.04,4.03,0.0,2493
Germany,DEU,2021-03-21,11128592,7708537,3420077,19,164806,208367,13.26,9.19,4.08,0.0,2484
Germany,DEU,2021-03-22,11398390,7901760,3496649,22,269798,211386,13.59,9.42,4.17,0.0,2519
Germany,DEU,2021-03-23,11699858,8118993,3580885,22,301468,228832,13.94,9.68,4.27,0.0,2727
Germany,DEU,2021-03-24,12039824,8369415,3670431,22,339966,248029,14.35,9.98,4.37,0.0,2956
Germany,DEU,2021-03-25,12373349,8621703,3751668,23,333525,267986,14.75,10.28,4.47,0.0,3194
Germany,DEU,2021-03-26,12748564,8907966,3840621,24,375215,286494,15.19,10.62,4.58,0.0,3415
Germany,DEU,2021-03-27,13030384,9127381,3903028,24,281820,295228,15.53,10.88,4.65,0.0,3519
Germany,DEU,2021-03-28,13227069,9270796,3956299,24,196685,299782,15.77,11.05,4.72,0.0,3573
Germany,DEU,2021-03-29,13533451,9488298,4045179,24,306382,305009,16.13,11.31,4.82,0.0,3635
Germany,DEU,2021-03-30,13863299,9725268,4138055,26,329848,309063,16.52,11.59,4.93,0.0,3684
Germany,DEU,2021-03-31,14200677,9960786,4239914,27,337378,308693,16.93,11.87,5.05,0.0,3679
Germany,DEU,2021-04-01,14528739,10197602,4331160,27,328062,307913,17.32,12.15,5.16,0.0,3670
Germany,DEU,2021-04-02,14754834,10355608,4399248,28,226095,286610,17.59,12.34,5.24,0.0,3416
Germany,DEU,2021-04-03,14987248,10523381,4463889,28,232414,279552,17.86,12.54,5.32,0.0,3332
Germany,DEU,2021-04-04,15180555,10666219,4514358,28,193307,279069,18.09,12.71,5.38,0.0,3326
Germany,DEU,2021-04-05,15428917,10844252,4584683,32,248362,270781,18.39,12.93,5.46,0.0,3227
Germany,DEU,2021-04-06,15803214,11123666,4679563,37,374297,277131,18.84,13.26,5.58,0.0,3303
Germany,DEU,2021-04-07,16472123,11696064,4776073,38,668909,324492,19.63,13.94,5.69,0.0,3868
Germany,DEU,2021-04-08,17172076,12308139,4863948,41,699953,377620,20.47,14.67,5.8,0.0,4501
Germany,DEU,2021-04-09,17805289,12852229,4953072,41,633213,435779,21.22,15.32,5.9,0.0,5194
Germany,DEU,2021-04-10,18178311,13160116,5018207,41,373022,455866,21.67,15.69,5.98,0.0,5433
Germany,DEU,2021-04-11,18442584,13373967,5068629,41,264273,466004,21.98,15.94,6.04,0.0,5554
Germany,DEU,2021-04-12,18861928,13716847,5145092,43,419344,490430,22.48,16.35,6.13,0.0,5845
Germany,DEU,2021-04-13,19439594,14220722,5218881,45,577666,519483,23.17,16.95,6.22,0.0,6192
Germany,DEU,2021-04-14,20215969,14913748,5302228,47,776375,534835,24.1,17.78,6.32,0.0,6375
Germany,DEU,2021-04-15,20897791,15525148,5372651,47,681822,532245,24.91,18.5,6.4,0.0,6344
Germany,DEU,2021-04-16,21495907,16048910,5447003,49,598116,527231,25.62,19.13,6.49,0.0,6284
Germany,DEU,2021-04-17,21862368,16358675,5503698,50,366461,526294,26.06,19.5,6.56,0.0,6273
Germany,DEU,2021-04-18,22132230,16589455,5542778,52,269862,527092,26.38,19.77,6.61,0.0,6282
Germany,DEU,2021-04-19,22535611,16931295,5604316,56,403381,524812,26.86,20.18,6.68,0.0,6255
Germany,DEU,2021-04-20,23097632,17430409,5667223,58,562021,522577,27.53,20.78,6.75,0.0,6229
Germany,DEU,2021-04-21,23819990,18079357,5740632,59,722358,514860,28.39,21.55,6.84,0.0,6137
Germany,DEU,2021-04-22,24459801,18651779,5808018,62,639811,508859,29.15,22.23,6.92,0.0,6065
Germany,DEU,2021-04-23,25017199,19139958,5877237,63,557398,503042,29.82,22.81,7.01,0.0,5996
Germany,DEU,2021-04-24,25383390,19446997,5936389,63,366191,503003,30.25,23.18,7.08,0.0,5995
Germany,DEU,2021-04-25,25666710,19681137,5985569,63,283320,504926,30.59,23.46,7.13,0.0,6018
Germany,DEU,2021-04-26,26100637,20040953,6059751,63,433927,509289,31.11,23.89,7.22,0.0,6070
Germany,DEU,2021-04-27,26887257,20735959,6151914,67,786620,541375,32.05,24.71,7.33,0.0,6453
Germany,DEU,2021-04-28,28011819,21733982,6279285,68,1124562,598833,33.39,25.9,7.48,0.0,7137
Germany,DEU,2021-04-29,28959635,22548737,6413257,70,947816,642833,34.52,26.88,7.64,0.0,7662
Germany,DEU,2021-04-30,29765105,23217536,6550828,71,805470,678272,35.48,27.67,7.81,0.0,8084
Germany,DEU,2021-05-01,30101842,23480487,6627229,76,336737,674065,35.88,27.99,7.9,0.0,8034
Germany,DEU,2021-05-02,30367155,23680137,6694699,78,265313,671492,36.19,28.22,7.98,0.0,8003
Germany,DEU,2021-05-03,30819997,24017946,6811409,81,452842,674194,36.73,28.63,8.12,0.0,8036
Germany,DEU,2021-05-04,31663982,24703002,6973392,83,843985,682389,37.74,29.44,8.31,0.0,8133
Germany,DEU,2021-05-05,32812667,25623339,7206336,84,1148685,685835,39.11,30.54,8.59,0.0,8174
Germany,DEU,2021-05-06,33805232,26396169,7430693,88,992565,692228,40.29,31.46,8.86,0.0,8251
Germany,DEU,2021-05-07,34698080,27054501,7669702,92,892848,704711,41.36,32.25,9.14,0.0,8399
Germany,DEU,2021-05-08,35124521,27328326,7824042,94,426441,717526,41.86,32.57,9.33,0.0,8552
Germany,DEU,2021-05-09,35411048,27513280,7926683,94,286527,720556,42.21,32.79,9.45,0.0,8588
Germany,DEU,2021-05-10,36001550,27913699,8120653,98,590502,740222,42.91,33.27,9.68,0.0,8823
Germany,DEU,2021-05-11,37088827,28716337,8409067,99,1087277,774978,44.21,34.23,10.02,0.0,9237
Germany,DEU,2021-05-12,38506697,29772634,8776472,101,1417870,813433,45.9,35.49,10.46,0.0,9695
Germany,DEU,2021-05-13,38936337,30043951,8937451,103,429640,733015,46.41,35.81,10.65,0.0,8737
Germany,DEU,2021-05-14,39693886,30578711,9168084,104,757549,713687,47.31,36.45,10.93,0.0,8506
Germany,DEU,2021-05-15,40094706,30818097,9333799,106,400820,710026,47.79,36.73,11.12,0.0,8463
Germany,DEU,2021-05-16,40377227,30983623,9455523,106,282521,709454,48.13,36.93,11.27,0.0,8456
Germany,DEU,2021-05-17,40933577,31343601,9661788,110,556350,704575,48.79,37.36,11.52,0.0,8398
Germany,DEU,2021-05-18,41806522,31869597,10016593,113,872945,673956,49.83,37.99,11.94,0.0,8033
Germany,DEU,2021-05-19,42905301,32446112,10551144,116,1098779,628372,51.14,38.67,12.58,0.0,7489
Germany,DEU,2021-05-20,43854741,32913119,11044672,118,949440,702629,52.27,39.23,13.16,0.0,8375
Germany,DEU,2021-05-21,44706652,33331513,11490209,120,851911,716109,53.29,39.73,13.7,0.0,8535
Germany,DEU,2021-05-22,45180960,33560974,11749344,123,474308,726608,53.85,40.0,14.0,0.0,8660
Germany,DEU,2021-05-23,45466373,33694787,11909812,125,285413,727021,54.19,40.16,14.2,0.0,8665
Germany,DEU,2021-05-24,45792578,33844047,12094807,129,326205,694143,54.58,40.34,14.42,0.0,8273
Germany,DEU,2021-05-25,46448768,34141531,12478767,132,656190,663178,55.36,40.69,14.87,0.0,7904
Germany,DEU,2021-05-26,47629153,34689739,13189258,136,1180385,674836,56.77,41.35,15.72,0.0,8043
Germany,DEU,2021-05-27,48671168,35175407,13826808,141,1042015,688061,58.01,41.93,16.48,0.0,8201
Germany,DEU,2021-05-28,49576278,35616066,14375193,142,905110,695661,59.09,42.45,17.13,0.0,8292
Germany,DEU,2021-05-29,49987168,35795981,14633973,147,410890,686601,59.58,42.66,17.44,0.0,8184
Germany,DEU,2021-05-30,50271102,35904952,14820018,148,283934,686390,59.92,42.79,17.66,0.0,8181
Germany,DEU,2021-05-31,50818733,36126192,15188937,148,547631,718022,60.57,43.06,18.1,0.0,8558
Germany,DEU,2021-06-01,51808114,36611210,15777959,150,989381,765621,61.75,43.64,18.81,0.0,9125
Germany,DEU,2021-06-02,53057712,37233327,16510337,150,1249598,775508,63.24,44.38,19.68,0.0,9243
Germany,DEU,2021-06-03,53701199,37517273,16923172,150,643487,718576,64.01,44.72,20.17,0.0,8565
Germany,DEU,2021-06-04,54513038,37886207,17443324,151,811839,705251,64.97,45.16,20.79,0.0,8406
Germany,DEU,2021-06-05,54926294,38013299,17760126,151,413256,705589,65.47,45.31,21.17,0.0,8410
Germany,DEU,2021-06-06,55218835,38091155,17993079,151,292541,706819,65.81,45.4,21.45,0.0,8424
Germany,DEU,2021-06-07,55833895,38339336,18414456,151,615060,716452,66.55,45.7,21.95,0.0,8539
Germany,DEU,2021-06-08,56891822,38752897,19127285,157,1057927,726244,67.81,46.19,22.8,0.0,8656
Germany,DEU,2021-06-09,58319755,39301372,20102734,162,1427933,751720,69.51,46.84,23.96,0.0,8960
Germany,DEU,2021-06-10,59514355,39797682,20889568,163,1194600,830451,70.93,47.43,24.9,0.0,9898
Germany,DEU,2021-06-11,60580699,40262442,21587963,165,1066344,866809,72.21,47.99,25.73,0.0,10331
Germany,DEU,2021-06-12,61017463,40422564,21899850,165,436764,870167,72.73,48.18,26.1,0.0,10371
Germany,DEU,2021-06-13,61300532,40501306,22117971,165,283069,868814,73.06,48.27,26.36,0.0,10355
Germany,DEU,2021-06-14,61956972,40772249,22558707,166,656440,874725,73.85,48.6,26.89,0.0,10426
Germany,DEU,2021-06-15,63007340,41181785,23258644,166,1050368,873645,75.1,49.08,27.72,0.0,10413
Germany,DEU,2021-06-16,64393390,41727719,24175052,176,1386050,867662,76.75,49.73,28.81,0.0,10342
Germany,DEU,2021-06-17,65543701,42198596,24922775,176,1150311,861335,78.12,50.3,29.71,0.0,10266
Germany,DEU,2021-06-18,66538675,42615203,25570021,181,994974,851139,79.31,50.79,30.48,0.0,10145
Germany,DEU,2021-06-19,66966725,42756637,25877791,182,428050,849895,79.82,50.96,30.84,0.0,10130
Germany,DEU,2021-06-20,67261865,42837485,26104898,182,295140,851619,80.17,51.06,31.11,0.0,10150
Germany,DEU,2021-06-21,67894694,43085030,26526575,182,632829,848246,80.92,51.35,31.62,0.0,10110
Germany,DEU,2021-06-22,68974779,43497979,27228015,186,1080085,852491,82.21,51.84,32.45,0.0,10161
Germany,DEU,2021-06-23,70313056,44024288,28074732,188,1338277,845667,83.81,52.47,33.46,0.0,10079
Germany,DEU,2021-06-24,71351846,44557036,28621266,190,1038790,829735,85.04,53.11,34.11,0.0,9890
Germany,DEU,2021-06-25,72275309,44980653,29161545,196,923463,819519,86.14,53.61,34.76,0.0,9768
Germany,DEU,2021-06-26,72685936,45131456,29434629,200,410627,817030,86.63,53.79,35.08,0.0,9738
Germany,DEU,2021-06-27,72978025,45225650,29636643,202,292089,816594,86.98,53.9,35.32,0.0,9733
Germany,DEU,2021-06-28,73608601,45495255,30022144,203,630576,816272,87.73,54.23,35.78,0.0,9729
Germany,DEU,2021-06-29,74544227,45909532,30566167,203,935626,795635,88.85,54.72,36.43,0.0,9483
Germany,DEU,2021-06-30,75570031,46386690,31137736,208,1025804,750996,90.07,55.29,37.11,0.0,8951
Germany,DEU,2021-07-01,76555581,46865224,31667543,212,985550,743391,91.25,55.86,37.74,0.0,8860
Germany,DEU,2021-07-02,77404879,47269782,32134526,213,849298,732796,92.26,56.34,38.3,0.0,8734
Germany,DEU,2021-07-03,77782926,47434932,32362637,219,378047,728141,92.71,56.54,38.57,0.0,8679
Germany,DEU,2021-07-04,78056462,47537204,32542814,224,273536,725491,93.03,56.66,38.79,0.0,8647
Germany,DEU,2021-07-05,78594359,47750010,32882781,232,537897,712251,93.68,56.91,39.19,0.0,8489
Germany,DEU,2021-07-06,79375301,48038439,33391072,236,780942,690153,94.61,57.26,39.8,0.0,8226
Germany,DEU,2021-07-07,80374361,48383779,34063936,243,999060,686333,95.8,57.67,40.6,0.0,8180
Germany,DEU,2021-07-08,81225506,48668702,34649663,253,851145,667132,96.81,58.01,41.3,0.0,7951
Germany,DEU,2021-07-09,81985682,48910687,35188504,262,760176,654400,97.72,58.3,41.94,0.0,7800
Germany,DEU,2021-07-10,82329815,49017017,35436085,267,344133,649556,98.13,58.42,42.24,0.0,7742
Germany,DEU,2021-07-11,82558078,49086887,35602771,272,228263,643088,98.4,58.51,42.43,0.0,7665
Germany,DEU,2021-07-12,83028157,49253593,35920252,282,470079,633400,98.96,58.7,42.81,0.0,7549
Germany,DEU,2021-07-13,83792438,49455047,36503050,294,764281,631020,99.87,58.94,43.51,0.0,7521
Germany,DEU,2021-07-14,84770644,49683316,37276047,302,978206,628040,101.04,59.22,44.43,0.0,7486
Germany,DEU,2021-07-15,85540915,49878601,37873669,309,770271,616487,101.96,59.45,45.14,0.0,7348
Germany,DEU,2021-07-16,86202926,50053557,38382950,323,662011,602463,102.74,59.66,45.75,0.0,7181
Germany,DEU,2021-07-17,86475709,50143841,38584020,329,272783,592271,103.07,59.77,45.99,0.0,7059
Germany,DEU,2021-07-18,86676219,50215564,38724055,334,200510,588306,103.31,59.85,46.15,0.0,7012
Germany,DEU,2021-07-19,87059362,50322485,39014559,344,383143,575886,103.77,59.98,46.5,0.0,6864
Germany,DEU,2021-07-20,87669418,50464377,39497050,369,610056,553854,104.49,60.15,47.08,0.0,6601
Germany,DEU,2021-07-21,88427527,50634580,40098843,371,758109,522412,105.4,60.35,47.79,0.0,6227
Germany,DEU,2021-07-22,89051824,50770840,40600495,388,624297,501558,106.14,60.51,48.39,0.0,5978
Germany,DEU,2021-07-23,89624458,50903965,41058323,409,572634,488790,106.82,60.67,48.94,0.0,5826
Germany,DEU,2021-07-24,89836430,50969297,41216928,426,211972,480103,107.08,60.75,49.13,0.0,5722
Germany,DEU,2021-07-25,89961052,51007623,41309116,431,124622,469262,107.22,60.8,49.24,0.0,5593
Germany,DEU,2021-07-26,90300736,51091273,41576247,440,339684,463053,107.63,60.9,49.55,0.0,5519
Germany,DEU,2021-07-27,90856158,51203475,42032386,490,555422,455249,108.29,61.03,50.1,0.0,5426
Germany,DEU,2021-07-28,91548866,51340606,42601656,612,692708,445906,109.12,61.19,50.78,0.0,5315
Germany,DEU,2021-07-29,92128539,51461693,43074908,719,579673,439531,109.81,61.34,51.34,0.0,5239
Germany,DEU,2021-07-30,92627339,51573278,43478070,879,498800,428983,110.4,61.47,51.82,0.0,5113
Germany,DEU,2021-07-31,92822888,51633746,43625487,1035,195549,426637,110.63,61.54,52.0,0.0,5085
Germany,DEU,2021-08-01,92940200,51670659,43711621,1206,117312,425593,110.77,61.59,52.1,0.0,5073
Germany,DEU,2021-08-02,93234792,51741419,43946644,1306,294592,419151,111.13,61.67,52.38,0.0,4996
Germany,DEU,2021-08-03,93698500,51832335,44332522,1453,463708,406049,111.68,61.78,52.84,0.0,4840
Germany,DEU,2021-08-04,94273199,51944021,44808177,1654,574699,389190,112.36,61.91,53.41,0.0,4639
Germany,DEU,2021-08-05,94791986,52044877,45240395,1825,518787,380492,112.98,62.03,53.92,0.0,4535
Germany,DEU,2021-08-06,95233948,52141929,45600355,2043,441962,372373,113.51,62.15,54.35,0.0,4438
Germany,DEU,2021-08-07,95419413,52196450,45744127,2216,185465,370932,113.73,62.21,54.52,0.0,4421
Germany,DEU,2021-08-08,95535706,52224249,45836480,2357,116293,370787,113.87,62.25,54.63,0.0,4419
Germany,DEU,2021-08-09,95830823,52285182,46079396,2612,295117,370862,114.22,62.32,54.92,0.0,4420
Germany,DEU,2021-08-10,96261943,52371413,46435467,2763,431120,366206,114.73,62.42,55.35,0.0,4365
Germany,DEU,2021-08-11,96805418,52492156,46873667,3046,543475,361746,115.38,62.56,55.87,0.0,4312
Germany,DEU,2021-08-12,97278910,52611817,47245995,3273,473492,355275,115.95,62.71,56.31,0.0,4234
Germany,DEU,2021-08-13,97703285,52727534,47574013,3578,424375,352762,116.45,62.85,56.7,0.0,4205
Germany,DEU,2021-08-14,97899025,52794659,47717967,3847,195740,354230,116.68,62.93,56.87,0.0,4222
Germany,DEU,2021-08-15,98017368,52833243,47805051,4030,118343,354523,116.83,62.97,56.98,0.0,4226
Germany,DEU,2021-08-16,98283238,52916086,48001506,4261,265870,350345,117.14,63.07,57.21,0.01,4176
Germany,DEU,2021-08-17,98645285,53029797,48264964,4497,362047,340477,117.57,63.21,57.53,0.01,4058
Germany,DEU,2021-08-18,99068081,53166585,48568874,4793,422796,323238,118.08,63.37,57.89,0.01,3853
Germany,DEU,2021-08-19,99402661,53287415,48800423,5124,334580,303393,118.48,63.51,58.16,0.01,3616
Germany,DEU,2021-08-20,99745227,53419775,49031725,5567,342566,291706,118.89,63.67,58.44,0.01,3477
Germany,DEU,2021-08-21,99901649,53493237,49128429,5926,156422,286089,119.07,63.76,58.56,0.01,3410
Germany,DEU,2021-08-22,99995831,53533360,49188083,6272,94182,282638,119.18,63.81,58.63,0.01,3369
Germany,DEU,2021-08-23,100228880,53625209,49342568,6609,233049,277949,119.46,63.92,58.81,0.01,3313
Germany,DEU,2021-08-24,100526740,53746786,49534616,7084,297860,268779,119.82,64.06,59.04,0.01,3204
Germany,DEU,2021-08-25,100868718,53887813,49753162,7604,341978,257234,120.22,64.23,59.3,0.01,3066
Germany,DEU,2021-08-26,101169222,54021163,49937896,8160,300504,252366,120.58,64.39,59.52,0.01,3008
Germany,DEU,2021-08-27,101422261,54135180,50094352,9319,253039,239576,120.88,64.52,59.71,0.01,2855
Germany,DEU,2021-08-28,101559687,54205860,50175145,10123,137426,236863,121.05,64.61,59.8,0.01,2823
Germany,DEU,2021-08-29,101645046,54243353,50228689,10897,85359,235602,121.15,64.65,59.87,0.01,2808
Germany,DEU,2021-08-30,101837036,54327924,50346882,13004,191990,229737,121.38,64.75,60.01,0.02,2738
Germany,DEU,2021-08-31,102080177,54439125,50489264,16614,243141,221920,121.67,64.89,60.18,0.02,2645
Germany,DEU,2021-09-01,102375322,54564259,50658523,32200,295145,215229,122.02,65.03,60.38,0.04,2565
Germany,DEU,2021-09-02,102632487,54676654,50800248,49410,257165,209038,122.33,65.17,60.55,0.06,2491
Germany,DEU,2021-09-03,102878790,54782948,50938858,65692,246303,208076,122.62,65.3,60.71,0.08,2480
Germany,DEU,2021-09-04,102986548,54831349,51003332,70325,107758,203837,122.75,65.35,60.79,0.08,2430
Germany,DEU,2021-09-05,103051046,54859692,51041334,73657,64498,200857,122.83,65.39,60.84,0.09,2394
Germany,DEU,2021-09-06,103205404,54923430,51125654,88678,154358,195481,123.01,65.46,60.94,0.11,2330
Germany,DEU,2021-09-07,103427910,55015381,51244301,111466,222506,192533,123.27,65.57,61.08,0.13,2295
Germany,DEU,2021-09-08,103687702,55119668,51385040,138402,259792,187483,123.58,65.7,61.25,0.16,2235
Germany,DEU,2021-09-09,103942883,55222958,51521497,167035,255181,187199,123.89,65.82,61.41,0.2,2231
Germany,DEU,2021-09-10,104169848,55312072,51653059,188726,226965,184437,124.16,65.93,61.56,0.22,2198
Germany,DEU,2021-09-11,104279409,55355511,51723844,194864,109561,184694,124.29,65.98,61.65,0.23,2201
Germany,DEU,2021-09-12,104343932,55379331,51765268,199417,64523,184698,124.37,66.01,61.7,0.24,2201
Germany,DEU,2021-09-13,104510205,55442576,51858908,220312,166273,186400,124.56,66.08,61.81,0.26,2222
Germany,DEU,2021-09-14,104746500,55535147,51982140,253329,236295,188370,124.85,66.19,61.96,0.3,2245
Germany,DEU,2021-09-15,105029167,55639130,52134202,294188,282667,191638,125.18,66.32,62.14,0.35,2284
Germany,DEU,2021-09-16,105304194,55744525,52276791,336149,275027,194473,125.51,66.44,62.31,0.4,2318
Germany,DEU,2021-09-17,105551102,55837360,52415681,367127,246908,197322,125.81,66.55,62.47,0.44,2352
Germany,DEU,2021-09-18,105661773,55878040,52487559,374822,110671,197481,125.94,66.6,62.56,0.45,2354
Germany,DEU,2021-09-19,105730317,55902338,52531075,380068,68544,198055,126.02,66.63,62.61,0.45,2361
Germany,DEU,2021-09-20,105887020,55954186,52620527,404619,156703,196688,126.21,66.69,62.72,0.48,2344
Germany,DEU,2021-09-21,106119123,56033026,52742268,446232,232103,196089,126.48,66.79,62.86,0.53,2337
Germany,DEU,2021-09-22,106390943,56121910,52884752,497826,271820,194539,126.81,66.89,63.03,0.59,2319
Germany,DEU,2021-09-23,106653586,56210566,53018658,549492,262643,192770,127.12,67.0,63.19,0.65,2298
Germany,DEU,2021-09-24,106885493,56288476,53148225,586379,231907,190627,127.4,67.09,63.35,0.7,2272
Germany,DEU,2021-09-25,106978920,56317816,53210700,594978,93427,188164,127.51,67.12,63.42,0.71,2243
Germany,DEU,2021-09-26,107030469,56333379,53244325,600519,51549,185736,127.57,67.14,63.46,0.72,2214